id,winner_model_a,winner_model_b,winner_tie
136060,0.28435737,0.3848382,0.33080444
211333,0.29701427,0.37102312,0.3319626
1233961,0.3011594,0.36657798,0.33226258
