id,winner_model_a,winner_model_b,winner_tie
136060,0.28069916,0.30445442,0.41484648
211333,0.3575521,0.3741629,0.26828495
1233961,0.42469874,0.3995524,0.17574883
