id,winner_model_a,winner_model_b,winner_tie
136060,0.24957277,0.25042725,0.5
211333,0.24969484,0.25030518,0.5
1233961,0.24957277,0.25042725,0.5
